<?xml version="1.0" encoding="UTF-8"?>
<sk:systemKeys xmlns:sk="http://pingidentity.com/2018/01/system-keys">
    <sk:currentKey>
        <sk:key>eyJhbGciOiJkaXIiLCJlbmMiOiJBMTI4Q0JDLUhTMjU2Iiwia2lkIjoiQklGald4dDZtaSIsInZlcnNpb24iOiI5LjIuMC4xMCIsInppcCI6IkRFRiJ9..bFnbtLblr3le3OK6MW16zg.Lcd_EywZHL3JAtt0mGdRZeVNtWJO9SwEzXMP5QdKPs3AC-nLxYQ56CuslgtIswCB.1C-eUO70-TrlpBwEQy2NqQ</sk:key>
        <sk:generatedTime>2019-03-06T15:34:39.680Z</sk:generatedTime>
    </sk:currentKey>
    <sk:previousKey xsi:nil="true" xmlns:xsi="http://www.w3.org/2001/XMLSchema-instance"/>
    <sk:pendingKey>
        <sk:key>eyJhbGciOiJkaXIiLCJlbmMiOiJBMTI4Q0JDLUhTMjU2Iiwia2lkIjoiQklGald4dDZtaSIsInZlcnNpb24iOiI5LjIuMC4xMCIsInppcCI6IkRFRiJ9..dc5zyv3NtWcbKOk3PTYhZQ.aJpYLoGoxy6avy_FntCq1QTrE9aO8iidJQ1wMSkfuFrIpbNyCSLVcAllTVozVbDq.y7dxNKpFOruuGk6rhzgSpA</sk:key>
        <sk:generatedTime>2019-03-06T15:34:39.680Z</sk:generatedTime>
    </sk:pendingKey>
</sk:systemKeys>